{"_step":1,"eval_acc":0.24442462087421946,"_runtime":31.23827967,"_wandb":{"runtime":31},"train_loss":0.9084537410197115,"_timestamp":1.7748019917886586e+09,"eval_loss":1.9087452422460398,"accuracy":0.3029,"loss":1.8027632704264}