{"loss":1.8185405836829656,"train_loss":0.9383664978214917,"_wandb":{"runtime":31},"_timestamp":1.7748019914521875e+09,"eval_loss":1.9637022355411617,"accuracy":0.316,"eval_acc":0.22409798080105922,"_step":1,"_runtime":31.234004324}