{"_step":1,"_wandb":{"runtime":39},"_runtime":39.497559116,"accuracy":0.3165,"loss":1.8984221386004099,"_timestamp":1.7748015257860181e+09}