{"_runtime":167.790940776,"eval_acc":0.33202185792349725,"loss":1.7200892695897743,"_step":10,"_timestamp":1.7748027038988488e+09,"train_loss":0.7121740176732662,"accuracy":0.3474,"eval_loss":1.617110799888916,"_wandb":{"runtime":167}}