{"accuracy":0.3165,"loss":1.8984221386004099,"_timestamp":1.7748015257884693e+09,"_runtime":39.480784172,"_wandb":{"runtime":39},"_step":1}