{"_runtime":165.205440775,"_step":10,"_timestamp":1.7748027011647685e+09,"loss":1.8280002225803424,"eval_acc":0.2834291427143214,"train_loss":0.6432603156607262,"eval_loss":2.0551727255179353,"accuracy":0.3452,"_wandb":{"runtime":165}}